;;;;;;;;;;;;;;x,,,
become_host_nation_title;Become the Host Nation;;;;;;;;;;;;;;;;;;;;;;;;;x;;;;;;;;;;;;;;;;;
become_host_nation_desc;Only click this decision if you are the host/GM!;;;;;;;;;;;;;;;;;;;;;;;;;x;;;;;;;;;;;;;;;;;
show_host_decisions_title;Show Host Decisions;;;;;;;;;;;;;;;;;;;;;;;;;x;;;;;;;;;;;;;;;;;
show_host_decisions_desc;Click to show all host decisions;;;;;;;;;;;;;;;;;;;;;;;;;x;;;;;;;;;;;;;;;;;
hide_host_decisions_title;Hide Host Decisions;;;;;;;;;;;;;;;;;;;;;;;;;x;;;;;;;;;;;;;;;;;
hide_host_decisions_desc;Click to hide all host decisions;;;;;;;;;;;;;;;;;;;;;;;;;x;;;;;;;;;;;;;;;;;
show_meme_decisions_title;Show Meme Decisions;;;;;;;;;;;;;;;;;;;;;;;;;x;;;;;;;;;;;;;;;;;
show_meme_decisions_desc;Click to show all meme decisions;;;;;;;;;;;;;;;;;;;;;;;;;x;;;;;;;;;;;;;;;;;
hide_meme_decisions_title;Hide Meme Decisions;;;;;;;;;;;;;;;;;;;;;;;;;x;;;;;;;;;;;;;;;;;
hide_meme_decisions_desc;Click to hide all meme decisions;;;;;;;;;;;;;;;;;;;;;;;;;x;;;;;;;;;;;;;;;;;
ally_all_countries_title;Ally All Countries;;;;;;;;;;;;;;;;;;;;;;;;;x;;;;;;;;;;;;;;;;;
ally_all_countries_desc;Click to ally all countries in the game;;;;;;;;;;;;;;;;;;;;;;;;;x;;;;;;;;;;;;;;;;;
unally_all_countries_title;Unally All Countries;;;;;;;;;;;;;;;;;;;;;;;;;x;;;;;;;;;;;;;;;;;
unally_all_countries_desc;Click to unally all countries in the game;;;;;;;;;;;;;;;;;;;;;;;;;x;;;;;;;;;;;;;;;;;
get_militaryaccess_with_all_countries_title;Grant Military Access to All Countries;;;;;;;;;;;;;;;;;;;;;;;;;x;;;;;;;;;;;;;;;;;
get_militaryaccess_with_all_countries_desc;Click to grant military access to all countries in the game. Manually remove the mil access given to the country or countries you want to set as targets for the decisions.;;;;;;;;;;;;;;;;;;;;;;;;;x;;;;;;;;;;;;;;;;;
remove_militaryaccess_with_all_countries_title;Remove Mil Access Given to All Countries;;;;;;;;;;;;;;;;;;;;;;;;;x;;;;;;;;;;;;;;;;;
remove_militaryaccess_with_all_countries_desc;Click to remove military access given to all countries in the game;;;;;;;;;;;;;;;;;;;;;;;;;x;;;;;;;;;;;;;;;;;
transfer_host_nation_title;Transfer Host Nation;;;;;;;;;;;;;;;;;;;;;;;;;x;;;;;;;;;;;;;;;;;
transfer_host_nation_desc;Click to transfer the host nation flag to the target nation.;;;;;;;;;;;;;;;;;;;;;;;;;x;;;;;;;;;;;;;;;;;
unsige_country_no_milaccess_title;Unsiege All Target Countries;;;;;;;;;;;;;;;;;;;;;;;;;x;;;;;;;;;;;;;;;;;
unsige_country_no_milaccess_desc;Click to unoccupy all non-rebel occupations in target countries.;;;;;;;;;;;;;;;;;;;;;;;;;x;;;;;;;;;;;;;;;;;
choose_country_to_siege_title;Choose a Target Country to be the Occupier;;;;;;;;;;;;;;;;;;;;;;;;;x;;;;;;;;;;;;;;;;;
choose_country_to_siege_desc;Click to pick a target country to be the occupier, after clicking this a new decision will unlock allowing you to choose which countries will be sieged by this target country.;;;;;;;;;;;;;;;;;;;;;;;;;x;;;;;;;;;;;;;;;;;
siege_country_title;Siege All Target Countries to the Occupier;;;;;;;;;;;;;;;;;;;;;;;;;x;;;;;;;;;;;;;;;;;
siege_country_desc;Click this to siege all target countries to the occupier you picked earlier;;;;;;;;;;;;;;;;;;;;;;;;;x;;;;;;;;;;;;;;;;;
pop_decision_china_title; Roster / Genocide China;;;;;;;;;;;;;;;;;;;;;;;;;x;;;;;;;;;;;;;;;;;
pop_decision_china_desc; Kills off a selected portion of the Chinese heartland population incase a player is rostered on it. Improves late game performance;;;;;;;;;;;;;;;;;;;;;;;;;x;;;;;;;;;;;;;;;;;
pop_decision_india_title; Population controls on the Indian subcontinent;;;;;;;;;;;;;;;;;;;;;;;;;x;;;;;;;;;;;;;;;;;
pop_decision_india_desc; Allows on-the-fly adjustment to Indian population counts. Don't abuse :D;;;;;;;;;;;;;;;;;;;;;;;;;x;;;;;;;;;;;;;;;;;
pop_decision_india_done_title; Indian Population Contol Lock-Out;;;;;;;;;;;;;;;;;;;;;;;;;x;;;;;;;;;;;;;;;;;
pop_decision_india_done_desc; Press this if you are done adjusting India!;;;;;;;;;;;;;;;;;;;;;;;;;x;;;;;;;;;;;;;;;;;
meme_decision_alaska_title;§RMEME DECISION §!Enable Alaskan Strait;;;;;;;;;;;;;;;;;;;;;;;;;x;;;;;;;;;;;;;;;;;
meme_decision_alaska_desc;Meme Decisions are paths/decisions that can be overpowered or cheesy. I'm leaving it up the GM if they want to enable these paths/decisions depending on their discretion or game health.\n\nThis allows Japan to build a strait to Alaska if they take all of the Californian coast, thus giving them connected to the New World.;;;;;;;;;;;;;;;;;;;;;;;;;x;;;;;;;;;;;;;;;;;
meme_decision_ngf_scandi_title;§RMEME DECISION §!Let Scandi/BE get Elbian.;;;;;;;;;;;;;;;;;;;;;;;;;x;;;;;;;;;;;;;;;;;
meme_decision_ngf_scandi_desc;Meme Decisions are paths/decisions that can be overpowered or cheesy. I'm leaving it up the GM if they want to enable these paths/decisions depending on their discretion or game health.\n\nThis readds Baltic Empire / Scandinavia getting N. German accepted if they do the Expansion into N. Germany decisions, as per base NLR.;;;;;;;;;;;;;;;;;;;;;;;;;x;;;;;;;;;;;;;;;;;
meme_decision_japan_title;§RMEME DECISION §!Deroster and Decolonize Japan;x
meme_decision_japan_desc;Meme Decisions are paths/decisions that can be overpowered or cheesy. I'm leaving it up the GM if they want to enable these paths/decisions depending on their discretion or game health.\n\nThis decision deletes Japan off the map, add a lore event to explain why, and makes Japan 20 LR so it can be recolonized later in the game. This decision will disable itself after 1837 to prevent accidentally triggering this late game.;x
meme_decision_exile_spain_title;§RMEME DECISION §!Deroster Exile Spain;x
meme_decision_exile_spain_desc;I'm leaving it up the GM if they want to enable these player slots depending on their discretion or game health.\n\nThis decision annexes the Spanish Exile Nation into Napoleonic Spain, giving away all non West-Indies Colonies. This is intended for Europe focused Rosters;x
meme_decision_exile_netherlands_title;§RMEME DECISION §!Deroster Exile Netherlands;x
meme_decision_exile_netherlands_desc;I'm leaving it up the GM if they want to enable these player slots depending on their discretion or game health.\n\nThis decision annexes the Dutch Exiles into the Batavian Republic while giving away their Indonesian holdings. This is intended for Europe-focused Rosters;x
EVTNAME50399;Mount Fuji Erupts!;x
EVTDESC50399;News has reached Europe that the long-dormant Mount Fuji in Japan has erupted in a catastrophic manner. The eruption, unprecedented in scale, has led to widespread devastation across the region. The massive pyroclastic flows, ash clouds, and ensuing earthquakes have caused the complete collapse of Japanese society. This event has sent shockwaves across the globe, with European powers now eyeing the opportunity to expand their influence into the Far East. However, the region remains perilous, with the risk of further volcanic activity and the widespread suffering of the Japanese people posing significant challenges.;x
ngf_scandi_title;Get North German Accepted;;;;;;;;;;;;;;;;;;;;;;;;;;;;;;;;;;;;;;;;;;
ngf_scandi_desc;Some moons ago, the international terrorist known as 'rustypowers10' decreed that Scandinavia getting North German in a niche meme path no one did anyway was too strong, and thus created the Pomeranian and North German split. The GM has decided to right this wrong!!!;;;;;;;;;;;;;;;;;;;;;;;;;;;;;;;;;;;;;;;;;;x
